icsad_ID,hyperlink,Original_Release_Date,Last_Updated,Year,ICS-CERT_Number,ICS-CERT_Advisory_Title,Vendor,Product,Products_Affected,CVE_Number,Cumulative_CVSS,CVSS_Severity,CWE_Number,Critical_Infrastructure_Sector,Product_Distribution,Company_Headquarters
344,https://www.cisa.gov/uscert/ics/advisories/ICSA-14-352-01,12/18/2014,4/10/2019,2014,ICSA-14-352-01,Honeywell Experion PKS Vulnerabilities,Honeywell,Experion PKS,Experion PKS versions affected: All supported Experion PKS R40x versions prior to Experion PKS R400.6 | All supported Experion PKS R41x versions prior to Experion PKS R410.6 | All supported Experion PKS R43x versions prior to Experion PKS R430.2 | Note - Experion PKS R311.2 is Impacted by these vulnerabilities but is no longer supported by Honeywell. Customers running Experion PKS R311.2 should upgrade to a supported version of Experion PKS.,CVE-2014-9187; CVE-2014-9189; CVE-2014-5435; CVE-2014-5436; CVE-2014-9186,7.4,High,CWE-122; CWE-98; CWE-22; CWE-121; CWE-123,Chemical; Critical Manufacturing; Energy; Healthcare and Public Health,Worldwide,United States
343,https://www.cisa.gov/uscert/ics/advisories/ICSA-14-352-02,12/18/2014,9/5/2018,2014,ICSA-14-352-02,Innominate mGuard Privilege Escalation Vulnerability,Innominate,mGuard,Innominate mGuard firmware Version 8.1.3 and prior.,CVE-2014-9193,8.5,High,CWE-269,Communications; Critical Manufacturing; Healthcare and Public Health,Worldwide,Germany
342,https://www.cisa.gov/uscert/ics/advisories/ICSA-13-259-01B,12/18/2014,9/5/2018,2014,ICSA-13-259-01B,Emerson ROC800 Multiple Vulnerabilities (Update B),Emerson,ROC800,Emerson Process Management RTUs are affected: ROC800 Version 3.50 and prior DL8000 Version 2.30 and prior andROC800L Version 1.20 and prior.,CVE-2018-14793; CVE-2013-0692; CVE-2013-0689; CVE-2013-0694; CVE-2013-2810,9.8,High,CWE-294; CWE-912; CWE-798,Energy; oil and gas,United States Asia Europe,United States
341,https://www.cisa.gov/uscert/ics/advisories/ICSA-14-350-01,12/16/2014,9/5/2018,2014,ICSA-14-350-01,Schneider Electric ProClima Command Injection Vulnerabilities,Schneider Electric,ProClima,ProClima Version 6.0.1 and previous.,CVE-2014-8513; CVE-2014-8514; CVE-2014-9188; CVE-2014-8511; CVE-2014-8512,10,High,CWE-77,Commercial Facilities; Critical Manufacturing; Energy,France United States Asia Europe,France
340,https://www.cisa.gov/uscert/ics/advisories/ICSA-14-343-01,12/9/2014,9/5/2018,2014,ICSA-14-343-01,Yokogawa FAST/TOOLS XML External Entity,Yokogawa,FAST/TOOLS XML External Entity,FAST/TOOLS Versions R9.01 though R9.05 SP1.,CVE-2014-7251,2.4,Low,CWE-611,Energy; oil and gas,Japan Asia East Asia Europe Africa Middle East,Japan
339,https://www.cisa.gov/uscert/ics/advisories/ICSA-14-343-02,12/9/2014,8/23/2018,2014,ICSA-14-343-02,Trihedral Engineering Limited VTScada Integer Overflow Vulnerability,Trihedral Engineering Limited,VTScada,VTS Version 6.5 through 9.1.19 | VTS Version 10 through 10.2.21 | VTScada Version 11.0 through 11.1.07.,CVE-2014-9192,7.8,High,CWE-190,Chemical; Communications; Critical Manufacturing; Energy; Food and Agriculture; Transportation; Water and Wastewater,Canada United Kingdom United States North America Europe,Canada
338,https://www.cisa.gov/uscert/ics/advisories/ICSA-14-303-02,12/2/2014,9/5/2018,2014,ICSA-14-303-02,Elipse SCADA DNP3 Denial of Service,Elipse,SCADA DNP3,Elipse SCADA 2.29 build 141 and prior w/ DNP3 driver | Elipse E3 versions V1.0 to V4.6 | Elipse Power systems Versions V1.0 to V4.6  | DNP 3.0 Master v3.02 and prior.,CVE-2014-5429,5,Medium,CWE-400,Critical Manufacturing; Energy; Water and Wastewater,Argentina Brazil Chile Germany India Russia Sweden United States,Brazil
337,https://www.cisa.gov/uscert/ics/advisories/ICSA-14-260-01A,12/2/2014,9/5/2018,2014,ICSA-14-260-01A,Yokogawa CENTUM and Exaopc Vulnerability (Update A),Yokogawa,CENTUM and Exaopc,"Yokogawa CENTUM 3000 versions affected: CENTUM series with the Batch Management Packages installed | CENTUM CS 3000 (R3.09.50 or earlier) | CENTUM CS 3000 Entry Class (R3.09.50 or earlier) | CENTUM VP (R4.03.00 or earlier - R5.04.00 or earlier) | and CENTUM VP Entry Class (R4.03.00 or earlier, R5.04.00 or earlier) | The following Yokogawa Exaopc version is affected:Exaopc (R3.72.10 or earlier).",CVE-2014-5208,6.8,Medium,CWE-287,Critical Manufacturing; Energy; Food and Agriculture,Japan South America Asia East Asia Europe Africa Middle East Central America,Japan
336,https://www.cisa.gov/uscert/ics/advisories/ICSA-14-329-01,11/25/2014,9/5/2018,2014,ICSA-14-329-01,MatrikonOPC for DNP Unhandled C++ Exception,MatrikonOPC,OPC DNP,MatrikonOPC Server for DNP3 Version 1.2.3.0.,CVE-2014-5426,6.8,Medium,CWE-754,Chemical; Energy,Australia Brazil Canada Costa Rica Germany Spain United Kingdom India Norway Portugal Russia Singapore United States,Canada
335,https://www.cisa.gov/uscert/ics/advisories/ICSA-14-324-01,11/20/2014,9/5/2018,2014,ICSA-14-324-01,Advantech WebAccess Stack-based Buffer Overflow,Advantech,WebAccess,Advantech WebAccess 7.2 and previous.,CVE-2014-8388,7.2,High,CWE-121,Commercial Facilities; Critical Manufacturing; Energy; Government Facilities,Taiwan,Taiwan
334,https://www.cisa.gov/uscert/ics/advisories/ICSA-14-294-01,11/11/2014,9/6/2018,2014,ICSA-14-294-01,Rockwell Automation Connected Components Workbench ActiveX Component Vulnerabilities,Rockwell Automation,Connected Components Workbench ActiveX Component,Rockwell Automation CCW Version 6.01.00 and earlier.,CVE-2014-5424,7.5,High,CWE-618,Multiple Critical Sectors,Worldwide,United States
333,https://www.cisa.gov/uscert/ics/advisories/ICSA-14-308-01,11/4/2014,9/6/2018,2014,ICSA-14-308-01,ABB RobotStudio and Test Signal Viewer DLL Hijack Vulnerability,ABB,RobotStudio and Test Signal Viewer,"RobotStudio Version 5.60 up to and including 5.61.01.01, and Test Signal Viewer Version 1.5.",CVE-2014-5430,9.3,High,CWE-427,Multiple Critical Sectors; Critical Manufacturing,Switzerland,Switzerland
332,https://www.cisa.gov/uscert/ics/advisories/ICSA-14-303-01,10/30/2014,9/6/2018,2014,ICSA-14-303-01,Nordex NC2 XSS Vulnerability,Nordex,NC2,Nordex Control 2 (NC2) SCADA V15 and prior versions.,CVE-2014-5408,7.5,High,CWE-79,Energy,Austria China Germany Spain France United Kingdom Italy Netherlands Sweden United States Europe,Germany
331,https://www.cisa.gov/uscert/ics/advisories/ICSA-14-275-01,10/30/2014,9/6/2018,2014,ICSA-14-275-01,Meinberg Radio Clocks LANTIME M-Series XSS,Meinberg,Radio Clocks LANTIME M-Series,Meinberg Network Time Protocol (NTP) Server firmware versions affected: LANTIME M-Series models: V6.15.019 and prior.,CVE-2014-5417,7.5,High,CWE-79,Commercial Facilities; Communications; Energy; Financial Services; Transportation,Germany United States Europe,Germany
330,https://www.cisa.gov/uscert/ics/advisories/ICSA-14-275-02,10/30/2014,9/6/2018,2014,ICSA-14-275-02,Accuenergy Acuvim II Authentication Vulnerabilities,Accuenergy,Acuvim II Authentication,AXN-NET Ethernet module v.3.04.,CVE-2014-2373; CVE-2014-2374,7.5,High,CWE-602; CWE-592,Energy,Canada China United States North America,Canada
329,https://www.cisa.gov/uscert/ics/advisories/ICSA-14-247-01A,10/28/2014,No Updates,2014,ICSA-14-247-01A,Sensys Networks Traffic Sensor Vulnerabilities (Update A),Sensys Networks,Traffic Sensor,Sensys Networks traffic sensors: VSN240-F and VSN240-T operating with the following software versions are affected: Versions prior to VDS 2.10.1 | Versions prior to VDS 1.8.8 | Versions prior to TrafficDOT 2.10.3.,CVE-2014-2378; CVE-2014-2379,5.4,Medium,CWE-494; CWE-311,Transportation,United States,United States
328,https://www.cisa.gov/uscert/ics/advisories/ICSA-14-135-03A,10/16/2014,9/6/2018,2014,ICSA-14-135-03A,Siemens RuggedCom ROX-based Devices Certificate Verification Vulnerability (Update A),Siemens,RuggedCom ROX-based Devices Certificate,Siemens RuggedCom ROX-based devices are affected: ROX 1 prior to Version 1.16.1 | ROX 2 prior to Version 2.6.,CVE-2014-0092,5.8,Medium,CWE-310,Energy; Healthcare and Public Health; Transportation,Germany,Germany
327,https://www.cisa.gov/uscert/ics/advisories/ICSA-14-289-01,10/16/2014,8/22/2018,2014,ICSA-14-289-01,IOServer Resource Exhaustion Vulnerability,IOServer,IOServer,IOServer Version 1.0.20 and older.,CVE-2014-5425,7.5,High,CWE-400,Critical Manufacturing; Energy; Water and Wastewater,Australia,Australia
326,https://www.cisa.gov/uscert/ics/advisories/ICSA-14-269-02,10/16/2014,9/6/2018,2014,ICSA-14-269-02,Fox DataDiode Proxy Server CSRF Vulnerability,Fox-IT,DataDiode Proxy Server,Fox DataDiode Appliance versions affected: All Fox DataDiode Appliance versions up to and including 1.7.1.,CVE-2014-2358,4.3,Medium,CWE-352,Communications; Defense Industrial Base; Government Facilities,Netherlands,Netherlands
325,https://www.cisa.gov/uscert/ics/advisories/ICSA-14-269-01-Supplement,10/15/2014,11/12/2014,2014,ICSA-14-269-01 (Supplement),Bash Command Injection Vulnerability (Supplement),Other,Bash Command,"ABB Tropos 3000, 4000, 6000, & 7000 series routers | Indirectly affected: Ventyx NM EMS/SCADA on RHEL | Ventyx.",CVE-2014-6271; CVE-2014-7169,10,High,CWE-78,Multiple Critical Sectors,Worldwide,NA
324,https://www.cisa.gov/uscert/ics/advisories/ICSA-14-269-01A,10/15/2014,9/6/2018,2014,ICSA-14-269-01A,Bash Command Injection Vulnerability (Update A),Other,Bash Command,GNU bash versions 1.14 to 4.3 | Linux | BSD | UNIX distributions including but not limited to: CentOS | Debian | Mac OS X | Red Hat Enterprise | Ubuntu.,CVE-2014-6271; CVE-2014-7169,10,High,CWE-78,Multiple Critical Sectors,Worldwide,NA
323,https://www.cisa.gov/uscert/ics/advisories/ICSA-14-288-01,10/15/2014,No Updates,2014,ICSA-14-288-01,CareFusion Pyxis SupplyStation System Vulnerabilities,"CareFusion, Becton, Dickinson and Company (BD)",Pyxis SupplyStation System,Pyxis SupplyStation system 8.1 (hardware test tool software Versions 1.0.15 and prior).,CVE-2014-5422; CVE-2014-5421; CVE-2014-5420; CVE-2014-5423,5.8,Medium,CWE-259; CWE-377; CWE-798,Healthcare and Public Health,Australia Canada China Germany France United Kingdom India Italy Netherlands United States,United States
322,https://www.cisa.gov/uscert/ics/advisories/ICSA-14-259-01A,10/7/2014,9/6/2018,2014,ICSA-14-259-01A,Schneider Electric SCADA Expert ClearSCADA Vulnerabilities (Update A),Schneider Electric,SCADA Expert ClearSCADA,ClearSCADA 2010 R3 (build 72.4560) | ClearSCADA 2010 R3.1 (build 72.4644) | SCADA Expert ClearSCADA 2013 R1 (build 73.4729) | SCADA Expert ClearSCADA 2013 R1.1 (build 73.4832) | SCADA Expert ClearSCADA 2013 R1.1a (build 73.4903) | SCADA Expert ClearSCADA 2013 R1.2 (build 73.4955) | SCADA Expert ClearSCADA 2013 R2 (build 74.5094) | SCADA Expert ClearSCADA 2013 R2.1 (build 74.5192) | SCADA Expert ClearSCADA 2014 R1 (build 75.5210).,CVE-2014-5411; CVE-2014-5412; CVE-2014-5413,5.2,Medium,CWE-310; CWE-287; CWE-79,Commercial Facilities; Energy; Water and Wastewater,France United States Asia Europe,France
321,https://www.cisa.gov/uscert/ics/advisories/ICSA-14-205-02A,10/7/2014,9/6/2018,2014,ICSA-14-205-02A,Siemens SIMATIC WinCC Vulnerabilities (Update A),Siemens,SIMATIC WinCC,SIMATIC WinCC: all versions prior to Version 7.3 and SIMATIC PCS7 (as WinCC is incorporated): all versions prior to Version 8.1.,CVE-2014-4682; CVE-2014-4683; CVE-2014-4684; CVE-2014-4685; CVE-2014-4686,5.5,Medium,CWE-425; CWE-269; CWE-264; CWE-384; CWE-321,Chemical; Energy; oil and gas; Food and Agriculture; Healthcare and Public Health; Transportation; Water and Wastewater,Germany,Germany
320,https://www.cisa.gov/uscert/ics/advisories/ICSA-14-273-01,9/30/2014,9/6/2018,2014,ICSA-14-273-01,SchneiderWEB Server Directory Traversal Vulnerability,Schneider Electric,Server Directory,There are 22 Affected Products containing 66 affected part numbers. Please download Schneider?Electric Security Notification SEVD-14-260-01 for the affected product details.,CVE-2014-0754,10,High,CWE-22,Communications; Critical Manufacturing; Energy; Water and Wastewater,France,France
319,https://www.cisa.gov/uscert/ics/advisories/ICSA-14-254-02,9/30/2014,9/6/2018,2014,ICSA-14-254-02,Rockwell Micrologix 1400 DNP3 DOS Vulnerability,Rockwell Automation,Micrologix 1400 DNP3,Allen-Bradley MicroLogix 1400 controller platforms are affected: 1766-Lxxxxx Series A FRN 7 and earlier and1766-Lxxxxx Series B FRN 15.000 and earlier,CVE-2014-5410,7.1,High,CWE-20,Chemical; Critical Manufacturing; Food and Agriculture; Water and Wastewater,China Czech Republic Germany Denmark France Hungary Italy Japan Korea Poland United States South America Europe,United States
318,https://www.cisa.gov/uscert/ics/advisories/ICSA-14-261-01,9/18/2014,9/6/2018,2014,ICSA-14-261-01,Advantech WebAccess Vulnerabilities,Advantech,WebAccess,WebAccess Version 7.2.,CVE-2014-0985; CVE-2014-0986; CVE-2014-0987; CVE-2014-0988; CVE-2014-0989; CVE-2014-0990; CVE-2014-0991; CVE-2014-0992,6.8,Medium,CWE-119,Commercial Facilities; Critical Manufacturing; Energy; Government Facilities,Taiwan,Taiwan
317,https://www.cisa.gov/uscert/ics/advisories/ICSA-14-254-01,9/11/2014,9/6/2018,2014,ICSA-14-254-01,Schneider Electric VAMPSET Buffer Overflow,Schneider Electric,VAMPSET,VAMPSET v2.2.136 and all previous versions.,CVE-2014-5407,4.1,Medium,CWE-121,Energy,France,France
316,https://www.cisa.gov/uscert/ics/advisories/ICSA-14-224-01,9/11/2014,9/6/2018,2014,ICSA-14-224-01,Ecava Integraxor SCADA Server Vulnerabilities,Ecava,Integraxor SCADA Server,IntegraXor SCADA Server v4.1.4360 (latest stable release) and earlier versions and IntegraXor SCADA Server v4.1.4392 (latest beta release) and earlier versions.,CVE-2014-2375; CVE-2014-2376; CVE-2014-2377; CVE-2014-0786,7.1,High,CWE-526; CWE-73; CWE-89; CWE-269; CWE-532,Critical Manufacturing,Australia Canada Estonia United Kingdom Malaysia Poland United States,Malaysia
315,https://www.cisa.gov/uscert/ics/advisories/ICSA-14-238-01,8/26/2014,9/6/2018,2014,ICSA-14-238-01,CG Automation Improper Input Validation,CG Automation,Improper Input Validation,CG Automation products affected: ePAQ-9410 Substation Gateway - all versions.,CVE-2014-0761; CVE-2014-0762,5.9,Medium,CWE-20,Energy,Australia China Czech Republic Germany France United Kingdom India Italy Netherlands United States South America Asia Europe,United States
314,https://www.cisa.gov/uscert/ics/advisories/ICSA-14-238-02,8/26/2014,8/29/2018,2014,ICSA-14-238-02,Schneider Electric Wonderware Vulnerabilities,Schneider Electric,Wonderware,Wonderware Information Server 4.0 SP1 Portal | Wonderware Information Server 4.5 Portal | Wonderware Information Server 5.0 Portal and Wonderware Information Server 5.5 Portal.,CVE-2014-2381; CVE-2014-2380; CVE-2014-5397; CVE-2014-5398; CVE-2014-5399,5.4,Medium,CWE-20; CWE-79; CWE-89; CWE-326,Chemical; Commercial Facilities; Critical Manufacturing; Energy; Food and Agriculture; Water and Wastewater,France United States Asia Europe,France
313,https://www.cisa.gov/uscert/ics/advisories/ICSA-14-226-01,8/14/2014,8/22/2018,2014,ICSA-14-226-01,Siemens SIMATIC S7-1500 CPU Denial of Service,Siemens,SIMATIC S7-1500 CPU,Siemens SIMATIC S7-1500 CPU versions affected: SIMATIC S7-1500 CPU all versions before V1.6.,CVE-2014-5074,7.1,High,CWE-189,Chemical; Critical Manufacturing; Food and Agriculture,Germany,Germany
312,https://www.cisa.gov/uscert/ics/advisories/ICSA-14-196-01,7/31/2014,9/6/2018,2014,ICSA-14-196-01,SubSTATION Server Telegyr 8979 Master Vulnerabilities,SUBNET Solutions Inc.,SubSTATION Server Telegyr 8979 Master,SubSTATION Server 2 Telegyr 8979 Master Protocol – All Versions.,CVE-2014-2357,8.3,High,CWE-20,Energy; oil and gas,Canada United States,Canada
311,https://www.cisa.gov/uscert/ics/advisories/ICSA-14-189-02,7/29/2014,9/6/2018,2014,ICSA-14-189-02,Innominate mGuard Unauthorized Leakage of System Data,Innominate,mGuard,"Innominate mGuard firmware Versions 4.0.0 up to Version 8.0.2 | Innominate mGuard firmware Versions 7.6.4 patch release and firmware Versions 8.0.3, 8.1.0 | 8.1.1 and higher are not affected.",CVE-2014-2356,4.3,Medium,CWE-200,Communications; Critical Manufacturing; Healthcare and Public Health,Worldwide,Germany
310,https://www.cisa.gov/uscert/ics/advisories/ICSA-14-205-01,7/24/2014,9/6/2018,2014,ICSA-14-205-01,Morpho Itemiser 3 Hard-Coded Credential,Morpho,Itemiser 3,Itemiser 3 v 8.17.,CVE-2014-2363,10,High,CWE-259,Defense Industrial Base; Emergency Services,Australia China Czech Republic Germany France United Kingdom India Netherlands United States,Japan
309,https://www.cisa.gov/uscert/ics/advisories/ICSA-14-007-01B,7/23/2014,9/6/2018,2014,ICSA-14-007-01B,Sierra Wireless AirLink Raven X EV-DO Vulnerabilities (Update B),Sierra Wireless,AirLink Raven X EV-DO,AirLink Raven X EV-DO Versions V4221_4.0.11.003 and V4228_4.0.11.003.,CVE-2013-2819; CVE-2013-2820,9.7,High,CWE-294; CWE-311,Energy; Transportation,Canada China France United States Europe,Canada
308,https://www.cisa.gov/uscert/ics/advisories/ICSA-14-203-01,7/22/2014,1/31/2019,2014,ICSA-14-203-01,Omron NS Series HMI Vulnerabilities,Omron,NS Series HMI,NS15 Version 8.1xx - 8.68x | NS12 Version 8.1xx - 8.68x | NS10 Version 8.1xx - 8.68x | NS8 Version 8.1xx - 8.68x and NS5 Version 8.1xx - 8.68x.,CVE-2014-2369; CVE-2014-2370,4.3,Medium,CWE-352; CWE-79,Critical Manufacturing; Healthcare and Public Health,Japan,Japan
307,https://www.cisa.gov/uscert/ics/advisories/ICSA-14-175-01,7/22/2014,9/6/2018,2014,ICSA-14-175-01,Honeywell FALCON XLWeb Controllers Vulnerabilities,Honeywell,FALCON XLWeb Controllers,Honeywell FALCON XLWeb controller versions affected: FALCON Linux 2.04.01 or older | FALCON XLWebExe 2.02.11 or older.,CVE-2014-2717; CVE-2014-3110,6,Medium,CWE-552; CWE-79,Critical Manufacturing; Energy; Water and Wastewater,Europe Middle East,United States
306,https://www.cisa.gov/uscert/ics/advisories/ICSA-14-198-02,7/17/2014,9/6/2018,2014,ICSA-14-198-02,Advantech WebAccess Vulnerabilities,Advantech,WebAccess,WebAcess v7.1 and earlier.,CVE-2014-2364; CVE-2014-2368; CVE-2014-2367; CVE-2014-2366; CVE-2014-2365,7.6,High,CWE-316; CWE-284; CWE-592; CWE-121; CWE-623,Commercial Facilities; Critical Manufacturing; Energy; Government Facilities,Taiwan,Taiwan
305,https://www.cisa.gov/uscert/ics/advisories/ICSA-14-198-01,7/17/2014,9/6/2018,2014,ICSA-14-198-01,Cogent DataHub Code Injection Vulnerability,Cogent Real-Time Systems Inc,DataHub,Cogent DataHub V7.3.4 and earlier.,CVE-2014-3789,7.5,High,CWE-94,Chemical; Commercial Facilities; Critical Manufacturing; Energy; Financial Services,Canada United Kingdom United States,Canada
304,https://www.cisa.gov/uscert/ics/advisories/ICSA-14-189-01,7/8/2014,9/6/2018,2014,ICSA-14-189-01,Yokogawa Centum Buffer Overflow Vulnerability,Yokogawa,Centum,CENTUM CS 1000 all revisions |CENTUM CS 3000 R3.09.50 or earlier | CENTUM CS 3000 Entry Class R3.09.50 or earlier | CENTUM VP R5.03.20 or earlier | CENTUM VP Entry Class R5.03.20 or earlier | Exaopc R3.72.00 or earlier | B/M9000CS R5.05.01 or earlier and B/M9000 VP R7.03.01 or earlier.,CVE-2014-3888,8.3,High,CWE-121,Critical Manufacturing; Energy; Food and Agriculture,Japan South America Asia Europe Africa Middle East Central America,Japan
303,https://www.cisa.gov/uscert/ics/advisories/ICSA-14-126-01A,7/8/2014,9/6/2018,2014,ICSA-14-126-01A,ABB Relion 650 Series OpenSSL Vulnerability (Update A),ABB,Relion 650 Series OpenSSL,ABB Relion versions affected: 650 series Ver 1.3.0.,CVE-2014-0160,5,Medium,CWE-119,Multiple Critical Sectors,Worldwide,Switzerland
302,https://www.cisa.gov/uscert/ics/advisories/ICSA-14-178-01,6/30/2014,7/20/2021,2014,ICSA-14-178-01,ICS Focused Malware,Other,ICS Malware,"ICS Focused Malware Havex | Industrial Control System (ICS) focused malware campaign that uses multiple vectors for infection. These include phishing emails, redirections to compromised web sites and most recently, trojanized update installers on at least three ICSs vendor web sites, in what are referred to as watering-hole style attacks. Software installers for these vendors were infected with malware known as the Havex Trojan (Backdoor.Oldrea), Trojan.Karagany and the Lightsout exploit kit. Trojan.Karagany targets energy and oil sectors. OPC PAYLOAD Havex is a Remote Access Trojan (RAT) that communicates with a Command and Control (C&C) server. Affected Products: classic DCOM-based (Distributed Component Object Model) version of the Open Platform Communications (OPC) standard. The known components of the identified Havex payload do not appear to target devices using the newer OPC Unified Architecture (UA) standard. The original version of the OPC specification, referred to as OPC classic, was implemented using Microsoft’s COM/DCOM (Distributed Component Object Model) technology. In 2006, the OPC Foundation released a new standard, referred to as OPC Unified Architecture (UA), which does not use COM/DCOM. The known components of the identified HAVEX malware payload do not appear to target devices using the newer OPC UA standard.",CVE-NA,NA,NA,CWE-NA,Energy; Oil,Germany Spain France Italy United States,NA
301,https://www.cisa.gov/uscert/ics/advisories/ICSA-14-156-01,6/5/2014,8/23/2018,2014,ICSA-14-156-01,OpenSSL Releases Security Advisory,Other,OpenSSL,OpenSSL Versions 1.0.1 through 1.0.1f and 1.0.2-beta1,CVE-2014-0224,7.4,High,CWE-326,Multiple Critical Sectors,Worldwide,NA
300,https://www.cisa.gov/uscert/ics/advisories/ICSA-14-154-01,6/3/2014,9/6/2018,2014,ICSA-14-154-01,COPA-DATA Improper Input Validation,COPA-DATA,Improper Input Validation,COPA-DATA products affected: zenon DNP3 NG driver (DNP3 master) - Versions 7.10 SP0 up to and including 7.11 SP0 build 10238 | zenon DNP3 Process Gateway (DNP3 outstation) - Versions 7.11 SP0 build 10238 and prior.,CVE- 2014-2345; CVE- 2014-2346,5.6,Medium,CWE-20,Energy; Water and Wastewater,Austria Australia United States North America South America Asia Europe Africa,Austria
299,https://www.cisa.gov/uscert/ics/advisories/ICSA-14-149-01,5/29/2014,9/6/2018,2014,ICSA-14-149-01,Triangle MicroWorks Uncontrolled Resource Consumption,Triangle MicroWorks,Uncontrolled Resource Consumption,SCADA Data Gateway - versions prior to v3.00.0635.,CVE-2014-2342; CVE-2014-2343,2.8,Low,CWE-400,Energy; Government Facilities; Transportation; Water and Wastewater,Australia New Zealand United States South America Asia Europe,United States
298,https://www.cisa.gov/uscert/ics/advisories/ICSA-14-149-02,5/29/2014,9/6/2018,2014,ICSA-14-149-02,Cogent DataHub Vulnerabilities,Cogent Real-Time Systems Inc,DataHub,DataHub versions prior to 7.3.5.,CVE-2014-2353; CVE-2014-2352; CVE-2014-2354,7,High,CWE-22; CWE-80; CWE-916,Chemical; Commercial Facilities; Critical Manufacturing; Energy; Financial Services,Canada United Kingdom United States,Canada
297,https://www.cisa.gov/uscert/ics/advisories/ICSA-14-087-01A,5/27/2014,9/6/2018,2014,ICSA-14-087-01A,Siemens ROS Improper Input Validation (Update A),Siemens,ROS,"Siemens ROS versions affected: All ROS versions prior to v3.11,ROS v3.11 (for product RS950G): all versions prior to ROS v3.11.5 | ROS v3.12: all versions prior to ROS v3.12.4 | ROS v4.0 (for product RSG2488): all versions prior to ROS v4.1.0.",CVE-2014-2590,5,Medium,CWE-20,Energy; Healthcare and Public Health; Transportation,Germany,Germany
296,https://www.cisa.gov/uscert/ics/advisories/ICSA-14-051-03B,5/27/2014,9/6/2018,2014,ICSA-14-051-03B,Siemens RuggedCom Uncontrolled Resource Consumption Vulnerability (Update B),Siemens,RuggedCom,All ROS versions prior to v3.11 | ROS v3.11 (for product RS950G): all versions prior to ROS v3.11.5 | ROS v3.12: all versions prior to ROS v3.12.4 | ROS v4.0 (for product RSG2488): all versions prior to ROS v4.1.0.,CVE-2014-1966,2.6,Low,CWE-400,Energy; Transportation,Germany Malaysia United States Asia Europe,Germany
295,https://www.cisa.gov/uscert/ics/advisories/ICSA-14-133-02,5/22/2014,9/6/2018,2014,ICSA-14-133-02,Emerson DeltaV Vulnerabilities,Emerson,DeltaV,"DeltaV Versions 10.3.1 | 11.3, 11.3.1 and 12.3.",CVE-2014-2349; CVE-2014-2350,4.3,Medium,CWE-285; CWE-798,Chemical; Energy; oil and gas,Worldwide,United States
294,https://www.cisa.gov/uscert/ics/advisories/ICSA-14-105-03B,5/20/2014,9/6/2018,2014,ICSA-14-105-03B,Siemens Industrial Products OpenSSL Heartbleed Vulnerability (Update B),Siemens,Industrial Products OpenSSL,Siemens products affected: eLAN-8.2 eLAN prior to 8.3.3 (affected when RIP is used—update available) | WinCC OA only V3.12 (always affected—update available) | S7-1500 V1.5 (affected when HTTPS active—update available) | CP1543-1 V1.1 (affected when FTPS active—update available) | APE 2.0 (affected when SSL/TLS component is used in customer implementation—update available).,CVE-2014-0160,5,Medium,CWE-119,Chemical; Critical Manufacturing; Energy; Food and Agriculture; Water and Wastewater,Germany,Germany
293,https://www.cisa.gov/uscert/ics/advisories/ICSA-14-135-01,5/15/2014,9/6/2018,2014,ICSA-14-135-01,CSWorks Software SQL Injection Vulnerability,CSWorks,CSWork Software SQL,CSWorks Version 2.5.5050.0 and prior.,CVE-2014-2351,7.5,High,CWE-89,Commercial Facilities; Communications; Critical Manufacturing,Canada Spain Norway Russia,Canada
292,https://www.cisa.gov/uscert/ics/advisories/ICSA-14-135-02,5/15/2014,8/27/2018,2014,ICSA-14-135-02,Schneider Electric Wonderware Intelligence Security Patch for OpenSSL Vulnerability,Schneider Electric,Wonderware Intelligence OpenSSL,Web Server & CLI vulnerabilities: VxWorks Versions 5.5 through 6.9 and SSH vulnerabilities: VxWorks Versions 6.5 through 6.9 |GE reports the vulnerabilities affect the following D20MX versions: D20MX v1.0-1.6.2.,CVE-2014-0160,5,Medium,CWE-119,Critical Manufacturing; Energy; Healthcare and Public Health; Water and Wastewater,France,France
291,https://www.cisa.gov/uscert/ics/advisories/ICSA-14-135-04,5/15/2014,9/6/2018,2014,ICSA-14-135-04,Unified Automation OPC SDK OpenSSL Vulnerability,Unified Automation,OPC SDK OpenSSL,Unified Automation GmbH OPC UA SDK for Windows versions are affected: C++ based OPC UA SDK V1.4.0 (Windows) and ANSI C based OPC UA SDK V1.4.0 (Windows).,CVE-2014-0160,5,Medium,CWE-119,Critical Manufacturing; Energy,United States Europe,Germany
290,https://www.cisa.gov/uscert/ics/advisories/ICSA-14-135-05,5/15/2014,8/27/2018,2014,ICSA-14-135-05,OpenSSL Vulnerability,Other,OpenSSL Vulnerability,OpenSSL Versions 1.0.1 through 1.0.1f and 1.0.2-beta1.,CVE-2014-0160,5,Medium,CWE-125,Multiple Critical Sectors,Worldwide,NA
289,https://www.cisa.gov/uscert/ics/advisories/ICSA-14-133-01,5/13/2014,9/6/2018,2014,ICSA-14-133-01,Yokogawa Multiple Products Vulnerabilities,Yokogawa,Yokogawa Multiple Products,Yokogawa products affected by all four vulnerabilities: CENTUM CS 1000 all revisions | CENTUM CS 3000 Entry Class R3.09.50 and earlier | CENTUM VP R5.03.00 and earlier | CENTUM VP Entry Class R5.03.00 and earlier | Exaopc R3.71.02 and earlier | B/M9000CS R5.05.01 and earlier | B/M9000 VP R7.03.01 and earlier. The following Yokogawa products are affected only by the first vulnerability listed below: ProSafe-RS R1.03.00 and earlier | Exapilot R3.96.00 and earlier | Exaplog R3.40.00 and earlier | Exaquantum R2.02.50 to R2.80.00 | Exasmoc R4.03.20 and earlier | Exarqe R4.03.20 and earlier | AAASuite R1.20.13 and earlier | PRM R3.11.20 and earlier | STARDOM FCN/FCJ OPC Server for Windows R3.40.01 and earlier | Field Wireless Device OPC Server R2.01.01 and earlier | DAQOPC R3.01 and earlier | FieldMate R1.03 and earlier | EJXMVTool R1.02.00 to R1.02.02 | RPO Production Supervisor VP R1.03.00 and earlier | CENTUM Long-term Trend Historian all versions | CENTUM Event Viewer Package all versions.,CVE-2014-0781; CVE-2014-0783; CVE-2014-0784; CVE-2014-0782,8.7,High,CWE-122; CWE-121,Critical Manufacturing; Energy; Food and Agriculture,Japan South America Asia Europe Africa Middle East Central America,Japan
288,https://www.cisa.gov/uscert/ics/advisories/ICSA-14-070-01A,5/13/2014,9/6/2018,2014,ICSA-14-070-01A,Yokogawa CENTUM CS 3000 Vulnerabilities (Update A),Yokogawa,CENTUM CS 3000,CENTUM CS 3000 R3.09.50 and earlier.,CVE-2014-0781; CVE-2014-0783; CVE-2014-0782,8.9,High,CWE-122; CWE-121,Critical Manufacturing; Energy; Food and Agriculture,Japan South America Asia East Asia Europe Africa Middle East Central America,Japan
287,https://www.cisa.gov/uscert/ics/advisories/ICSA-14-128-01,5/8/2014,9/6/2018,2014,ICSA-14-128-01,Digi International OpenSSL Vulnerability,Digi International,Digi International OpenSSL,ConnectPort LTS | ConnectPort X2e | Digi Embedded Linux 5.9 | Digi Embedded Yocto 1.4 | Wireless Vehicle Bus Adapter (WVA).,CVE-2014-0160,5,Medium,CWE-119,Commercial Facilities; Communications; Critical Manufacturing; Energy; Transportation,United States South America Asia Europe Africa Middle East,United States
286,https://www.cisa.gov/uscert/ics/advisories/ICSA-14-121-01,5/1/2014,No Updates,2014,ICSA-14-121-01,AMTELCO miSecure Vulnerabilities,AMTELCO,miSecure,AMTELCO products affected: miSecureMessages - Version 6.2 (to include Android | iPhone | Blackberry mobile device applications).,CVE-2014-2347; CVE-2014-0357,7,High,CWE-200; CWE-287,Healthcare and Public Health,United States,United States
285,https://www.cisa.gov/uscert/ics/advisories/ICSA-14-091-01,4/29/2014,9/6/2018,2014,ICSA-14-091-01,Ecava IntegraXor Guest Account Information Disclosure Vulnerability,Ecava,IntegraXor,IntegraXor versions prior to 4.1.4410.,CVE-2014-0786,7.5,High,CWE-200,Critical Manufacturing,Australia Canada Estonia United Kingdom Malaysia Poland United States,Malaysia
284,https://www.cisa.gov/uscert/ics/advisories/ICSA-14-114-01,4/24/2014,8/23/2018,2014,ICSA-14-114-01,Certec atvise scada OpenSSL Heartbleed Vulnerability,Certec EDV GmbH,atvise scada OpenSSL,Certec atvise scada Versions 2.3 and above.,CVE-2014-0160,5,Medium,CWE-119,Commercial Facilities; Critical Manufacturing; Energy; oil and gas; Transportation; Water and Wastewater,Austria,Austria
283,https://www.cisa.gov/uscert/ics/advisories/ICSA-14-114-02,4/24/2014,9/6/2018,2014,ICSA-14-114-02,Siemens SIMATIC S7-1200 CPU Web Vulnerabilities,Siemens,SIMATIC S7-1200 CPU,SIMATIC S7-1200 CPU family Versions: V2.X and V3.X.,CVE-2014-2908; CVE-2014-2909,5.1,Medium,CWE-113; CWE-79,Chemical; Critical Manufacturing; Food and Agriculture,Germany,Germany
282,https://www.cisa.gov/uscert/ics/advisories/ICSA-14-084-01,4/24/2014,9/6/2018,2014,ICSA-14-084-01,Festo CECX-X-(C1/M1) Controller Vulnerabilities,Festo,CECX-X-(C1/M1) Controller,CECX-X-C1 Modular Master Controller with CoDeSys and CECX-X-M1 Modular Controller with CoDeSys and SoftMotion.,CVE-2014-0760; CVE-2014-0769; CVE-2012-6068; CVE-2012-6069,9.7,High,CWE-284; CWE-287,Critical Manufacturing,Germany,Germany
281,https://www.cisa.gov/uscert/ics/advisories/ICSA-14-107-02,4/24/2014,8/23/2018,2014,ICSA-14-107-02,InduSoft Web Studio Directory Traversal Vulnerability,InduSoft,Web Studio,Web Studio Version 7.1.,CVE-2014-0780,7.5,High,CWE-22,Commercial Facilities; Critical Manufacturing; Energy; Food and Agriculture; Healthcare and Public Health; Water and Wastewater,China France India Poland Portugal Taiwan United States,United States
280,https://www.cisa.gov/uscert/ics/advisories/ICSA-14-107-01,4/17/2014,9/6/2018,2014,ICSA-14-107-01,Siemens SINEMA Vulnerabilities,Siemens,SINEMA,SINEMA server: all versions prior to V12 SP1.,CVE-2014-2731; CVE-2014-2732; CVE-2014-2733,6.4,Medium,CWE-94; CWE-20; CWE-23,Chemical; Commercial Facilities; Critical Manufacturing; Energy; Government Facilities; Water and Wastewater,Germany United States Asia Europe,Germany
279,https://www.cisa.gov/uscert/ics/advisories/ICSA-14-105-02A,4/17/2014,9/6/2018,2014,ICSA-14-105-02A,Innominate mGuard OpenSSL HeartBleed Vulnerability (Update A),Innominate,mGuard OpenSSL,mGuard firmware Versions 8.0.0 and 8.0.1 | mGuard firmware versions prior to 8.0.0 whether running on Innominate - Phoenix Contact or other brands of devices are NOT affected.,CVE-2014-0160,5,Medium,CWE-119,Communications; Critical Manufacturing; Healthcare and Public Health,Worldwide,Germany
278,https://www.cisa.gov/uscert/ics/advisories/ICSA-14-105-01,4/15/2014,9/6/2018,2014,ICSA-14-105-01,Progea Movicon SCADA Information Disclosure Vulnerability,Progea,Movicon SCADA,Progea Movicon 11.4 prior to Build 1150.,CVE-2014-0778,4.3,Medium,CWE-200,Critical Manufacturing; Energy; Water and Wastewater,India United States Europe,Italy
277,https://www.cisa.gov/uscert/ics/advisories/ICSA-14-100-01,4/10/2014,9/6/2018,2014,ICSA-14-100-01,IOServer Out of Bounds Read Vulnerability,IOServer,IOServer,IOServer versions affected: OPC Drivers Versions 1.0.20 and prior.,CVE-2014-0777,8.3,High,CWE-125,Commercial Facilities; Critical Manufacturing; Energy,Australia,Australia
276,https://www.cisa.gov/uscert/ics/advisories/ICSA-12-342-01B,4/10/2014,9/6/2018,2014,ICSA-12-342-01B,"Rockwell Allen-Bradley MicroLogix, SLC 500, and PLC-5 Fault Generation Vulnerability (Update B)",Rockwell Automation,"Allen-Bradley MicroLogix, SLC 500, and PLC-5",MicroLogix 1100 controller MicroLogix 1200 controller MicroLogix 1400 controller MicroLogix 1500 controller SLC 500 controller platform andPLC-5 controller platform,CVE-2012-4690,7.1,High,CWE-471,Chemical,China Czech Republic Germany Denmark France Hungary Italy Japan Korea Poland United States South America Europe,United States
275,https://www.cisa.gov/uscert/ics/advisories/ICSA-13-291-01B,4/9/2014,9/6/2018,2014,ICSA-13-291-01B,DNP3 Implementation Vulnerability (Update B),Other,DNP3,Alstrom | Catapult Software | Cooper Power Systems | Cooper Power Systems/Cybectec | Elecsys | GE | IOServer | Kepware Technologies | MatrikonOPC | NovaTech | OSISoft | Schneider Electric | Schweitzer Engineering Laboratories | Software Toolbox | SUBNET Solutions | Triangle MicroWorks products.,CVE-NA,5.9,Medium,CWE-20,Commercial Facilities; Energy; Government Facilities,Worldwide,NA
274,https://www.cisa.gov/uscert/ics/advisories/ICSA-14-098-01,4/8/2014,8/27/2018,2014,ICSA-14-098-01,OSIsoft PI Interface for DNP3 Improper Input Validation,OSIsoft,PI Interface for DNP3,All versions of the OSIsoft PI Interface for DNP3 prior to Version 3.1.2.54 are known to be affected.,CVE-2013-2809; CVE-2013-2828,5.9,Medium,CWE-20,Energy; Water and Wastewater,North America Asia Europe,United States
273,https://www.cisa.gov/uscert/ics/advisories/ICSA-14-098-02,4/8/2014,9/6/2018,2014,ICSA-14-098-02,WellinTech KingSCADA Stack-Based Buffer Overflow,WellinTech,KingSCADA,KingSCADA - all versions prior to v3.1.2.13.,CVE-2014-0787,10,High,CWE-121,Commercial Facilities; Energy; Water and Wastewater,China Japan Singapore Taiwan United States Europe,China
272,https://www.cisa.gov/uscert/ics/advisories/ICSA-14-098-03,4/8/2014,9/6/2018,2014,ICSA-14-098-03,Siemens Ruggedcom WIN Products BEAST Attack Vulnerability,Siemens,Ruggedcom WIN Products,WIN7000: all versions prior to v4.4 | WIN7200: all versions prior to v4.4 | WIN5100: all versions prior to v4.4 and WIN5200: all versions prior to v4.4.,CVE-2011-3389,4.3,Medium,CWE-20,Energy; Transportation,Germany United States Asia Europe,Germany
271,https://www.cisa.gov/uscert/ics/advisories/ICSA-14-079-03,4/8/2014,9/6/2018,2014,ICSA-14-079-03,Advantech WebAccess Vulnerabilities,Advantech,WebAccess,WebAccess Version 7.1 and previous.,CVE-2014-0763; CVE-2014-0764; CVE-2014-0765; CVE-2014-0766; CVE-2014-0767; CVE-2014-0768; CVE-2014-0770; CVE-2014-0771; CVE-2014-0772; CVE-2014-0773,7,High,CWE-538; CWE-77; CWE-89; CWE-121,Commercial Facilities; Critical Manufacturing; Energy; Government Facilities,Taiwan,Taiwan
270,https://www.cisa.gov/uscert/ics/advisories/ICSA-14-093-01,4/3/2014,9/6/2018,2014,ICSA-14-093-01,Schneider Electric OPC Factory Server Buffer Overflow,Schneider Electric,OPC Factory Server,Schneider Electric versions of OFS: TLXCDSUOFS33 – V3.5 and previous | TLXCDSTOFS33 – V3.5 and previous | TLXCDLUOFS33 – V3.5 and previous | TLXCDLTOFS33 – V3.5 and previous | TLXCDLFOFS33 – V3.5 and previous.,CVE-2014-0789,5,Medium,CWE-122,Commercial Facilities; Energy; Food and Agriculture; Government Facilities; Transportation; Water and Wastewater,France United States North America,France
269,https://www.cisa.gov/uscert/ics/advisories/ICSA-14-086-01A,4/1/2014,9/6/2018,2014,ICSA-14-086-01A,Schneider Electric Serial Modbus Driver Buffer Overflow (Update A),Schneider Electric,Serial Modbus Driver,"Schneider Electric products bundle the Schneider Electric Modbus Serial Driver (ModbusDrv.exe) which is started when attempting to connect to a Programmable Logic Controller (PLC) via the serial port of a personal computer: TwidoSuite Versions 2.31.04 and earlier | PowerSuite Versions 2.6 and earlier | SoMove Versions 1.7 and earlier | SoMachine Versions 2.0, 3.0 | 3.1 | 3.0 XS | Unity Pro Versions 7.0 and earlier | UnityLoader Versions 2.3 and earlier | Concept Versions 2.6 SR7 and earlier | ModbusCommDTM sl Versions 2.1.2 and earlier | PL7 Versions 4.5 SP5 and earlier | SFT2841 Versions 14 | 13.1 and earlier | OPC Factory Server (OFS) Versions 3.40 and earlier. Modbus Serial Driver versions that are affected: Windows XP 32 bit V1.10 IE v37 | Windows Vista 32 bit V2.2 IE12 | Windows 7 32 bit V2.2 IE12 | Windows 7 64 bit V3.2 IE12.",CVE-2013-0662,9.3,High,CWE-121,Chemical; Critical Manufacturing; Dams; Energy; Food and Agriculture; Government Facilities; Nuclear Reactors Materials and Waste; Transportation,China France United States Europe,France
268,https://www.cisa.gov/uscert/ics/advisories/ICSA-14-086-01,3/27/2014,9/6/2018,2014,ICSA-14-086-01,Schneider Electric Serial Modbus Driver Buffer Overflow,Schneider Electric,Serial Modbus Driver,Schneider Electric products bundle the Schneider Electric Modbus Serial Driver (ModbusDrv.exe) which is started when attempting to connect to a Programmable Logic Controller (PLC) via the serial port of a personal computer: TwidoSuite Versions 2.31.04 and earlier | PowerSuite Versions 2.6 and earlier | SoMove Versions 1.7 and earlier | SoMachine Versions 2.0 | 3.0 | 3.1 | 3.0 XS |Unity Pro Versions 7.0 and earlier | UnityLoader Versions 2.3 and earlier | Concept Versions 2.6 SR7 and earlier | ModbusCommDTM sl Versions 2.1.2 and earlier | PL7 Versions 4.5 SP5 and earlier | SFT2841 Versions 14 | 13.1 and earlier | OPC Factory Server Versions 3.50 and earlier. Modbus Serial Driver versions that are affected: Windows XP 32 bit V1.10 IE v37 | Windows Vista 32 bit V2.2 IE12 | Windows 7 32 bit V2.2 IE12 | Windows 7 64 bit V3.2 IE12.,CVE-2013-0662,9.3,High,CWE-121,Chemical; Critical Manufacturing; Dams; Energy; Food and Agriculture; Government Facilities; Nuclear Reactors Materials and Waste; Transportation,China France United States Europe,France
267,https://www.cisa.gov/uscert/ics/advisories/ICSA-14-079-01,3/20/2014,9/6/2018,2014,ICSA-14-079-01,Siemens SIMATIC S7-1200 Improper Input Validation Vulnerabilities,Siemens,SIMATIC S7-1200,SIMATIC S7-1200 PLC versions affected: SIMATIC S7-1200 PLC family: all versions before V4.0.0.,CVE-2013-2780; CVE-2013-0700,7.8,High,CWE-20,Chemical; Critical Manufacturing; Food and Agriculture,Germany,Germany
266,https://www.cisa.gov/uscert/ics/advisories/ICSA-14-079-02,3/20/2014,8/23/2018,2014,ICSA-14-079-02,Siemens SIMATIC S7-1200 Vulnerabilities,Siemens,SIMATIC S7-1200,SIMATIC S7-1200 versions are affected: SIMATIC S7-1200 CPU family - all versions prior to V4.0.,CVE-2014-2249; CVE-2014-2258; CVE-2014-2250; CVE-2014-2252; CVE-2014-2254; CVE-2014-2256,7.3,High,CWE-352; CWE-404; CWE-331,Chemical; Critical Manufacturing; Food and Agriculture,Germany,Germany
265,https://www.cisa.gov/uscert/ics/advisories/ICSA-12-213-01A,3/18/2014,9/6/2018,2014,ICSA-12-213-01A,Sielco Sistemi Winlog Multiple Vulnerabilities (Update A),Sielco Sistemi,Winlog,Winlog Pro SCADA all versions prior to 2.07.18 Winlog Lite SCADA all versions prior to 2.07.18,CVE-2012-3815; CVE-2012-4353; CVE-2012-4354; CVE-2012-4355; CVE-2012-4356; CVE-2012-4358; CVE-2012-4359,8.6,High,CWE-284; CWE-22; CWE-119; CWE-118; CWE-123,Critical Manufacturing,Canada Spain Indonesia Italy Turkey United States,Italy
264,https://www.cisa.gov/uscert/ics/advisories/ICSA-14-073-01,3/14/2014,9/6/2018,2014,ICSA-14-073-01,Siemens SIMATIC S7-1500 CPU Firmware Vulnerabilities,Siemens,SIMATIC S7-1500 CPU Firmware,SIMATIC S7-1500 versions are affected: SIMATIC S7-1500 CPU family - all versions older than V1.5.,CVE-2014-2249; CVE-2014-2246; CVE-2014-2247; CVE-2014-2251; CVE-2014-2248; CVE-2014-2259; CVE-2014-2253; CVE-2014-2255; CVE-2014-2257,6.4,Medium,CWE-352; CWE-80; CWE-331; CWE-601; CWE-404,Chemical; Critical Manufacturing; Energy; Food and Agriculture; Water and Wastewater,Germany,Germany
263,https://www.cisa.gov/uscert/ics/advisories/ICSA-14-072-01,3/13/2014,9/6/2018,2014,ICSA-14-072-01,Schneider Electric StruxureWare SCADA Expert ClearSCADA Parsing Vulnerability,Schneider Electric,StruxureWare SCADA Expert ClearSCADA,SCADA Expert ClearSCADA versions affected: ClearSCADA 2010 R2 (build 71.4165) | ClearSCADA 2010 R2.1 (build 71.4325) | ClearSCADA 2010 R3 (build 72.4560) | ClearSCADA 2010 R3.1 (build 72.4644) | SCADA Expert ClearSCADA 2013 R1 (build 73.4729) | SCADA Expert ClearSCADA 2013 R1.1 (build 73.4832) | SCADA Expert ClearSCADA 2013 R1.1a (build 73.4903) | SCADA Expert ClearSCADA 2013 R1.2 (build 73.4955) |SCADA Expert ClearSCADA 2013 R2 (build 74.5094).,CVE-2014-0779,6.8,Medium,CWE-119,Commercial Facilities; Energy; Water and Wastewater,France,France
262,https://www.cisa.gov/uscert/ics/advisories/ICSA-14-058-01,2/27/2014,9/6/2018,2014,ICSA-14-058-01,Schneider Electric Floating License Manager Vulnerability,Schneider Electric,Floating License Manager,Schneider Electric Floating License Manager Versions V1.0.0 through V1.4.0. This license manager is used in five Schneider Electric Products.,CVE-2014-0759,6.9,Medium,CWE-428,Commercial Facilities; Energy; Food and Agriculture; Government Facilities; Transportation; Water and Wastewater,United States North America Europe,France
261,https://www.cisa.gov/uscert/ics/advisories/ICSA-14-058-02,2/27/2014,9/6/2018,2014,ICSA-14-058-02,Schneider Electric OFS Buffer Overflow Vulnerability,Schneider Electric,OFS,Schneider Electric OFS Test Client versions are affected: TLXCDSUOFS33 - V3.35 | TLXCDSTOFS33 – V3.35 | TLXCDLUOFS33 – V3.35 | TLXCDLTOFS33 – V3.35 | TLXCDLFOFS33 – V3.35.,CVE-2014-0774,6.8,Medium,CWE-121,Energy; Food and Agriculture; Government Facilities; Transportation; Water and Wastewater,United States North America Europe,France
260,https://www.cisa.gov/uscert/ics/advisories/ICSA-13-350-01A,2/26/2014,9/6/2018,2014,ICSA-13-350-01A,Schneider Electric CitectSCADA Products Exception Handler Vulnerability (Update A),Schneider Electric,CitectSCADA Products,Schneider Electric versions affected:StruxureWare SCADA Expert Vijeo Citect v7.40 Vijeo Citect v7.20 to v7.30SP1 CitectSCADA v7.20 to v7.30SP1 StruxureWare PowerSCADA Expert v7.30 to v7.30SR1 andPowerLogic SCADA v7.20 to v7.20SR1.,CVE-2013-2824,7.8,High,CWE-248,Critical Manufacturing; Energy,France,France
259,https://www.cisa.gov/uscert/ics/advisories/ICSA-14-051-01,2/20/2014,9/6/2018,2014,ICSA-14-051-01,ICONICS GENESIS32 Insecure ActiveX Control,ICONICS,GENESIS32,ICONICS product affected: GENESIS32 versions 8.0 | 8.02 | 8.04 | 8.05.,CVE-2014-0758,9.3,High,CWE-749,Commercial Facilities; Energy; Food and Agriculture; Healthcare and Public Health; Water and Wastewater,Australia China Czech Republic Germany France United Kingdom India Italy Netherlands Asia,United States
258,https://www.cisa.gov/uscert/ics/advisories/ICSA-14-051-02,2/20/2014,9/6/2018,2014,ICSA-14-051-02,Mitsubishi Electric Automation MC-WorX Suite Unsecure ActiveX Control,Mitsubishi Electric Automation,MC-WorX Suite,Mitsubishi Electric Automation Inc product affected: MC-WorX Suite Version 8.02.,CVE-2013-2817,9.3,High,CWE-749,Commercial Facilities; Critical Manufacturing; Energy; Water and Wastewater,United States,United States
257,https://www.cisa.gov/uscert/ics/advisories/ICSA-14-051-04,2/20/2014,9/6/2018,2014,ICSA-14-051-04,NTP Reflection Attack,Other,NTP,Products using NTP service NTP-4.2.7p25 and prior (with MONLIST support) are affected. No specific vendor is specified as this is an open source protocol.,CVE-2013-521,7.8,High,CWE-20,Multiple Critical Sectors,Worldwide,NA
256,https://www.cisa.gov/uscert/ics/advisories/ICSA-14-010-01,2/11/2014,9/6/2018,2014,ICSA-14-010-01,MatrikonOPC Improper Input Validation,MatrikonOPC,OPC,MatrikonOPC SCADA DNP3 OPC Server Version 1.2.2.0 and older.,CVE-2013-2829,7.1,High,CWE-20,Chemical; Energy,Australia Brazil Canada Costa Rica Germany Spain United Kingdom India Norway Portugal Russia Singapore United States,Canada
255,https://www.cisa.gov/uscert/ics/advisories/ICSA-14-035-01,2/4/2014,9/6/2018,2014,ICSA-14-035-01,Siemens SIMATIC WinCC OA Multiple Vulnerabilities,Siemens,SIMATIC WinCC OA,SIMATIC WinCC OA all versions prior to 3.12 P002.,CVE-2014-1697; CVE-2014-1698; CVE-2014-1699; CVE-2014-1696,6.7,Medium,CWE-94; CWE-20; CWE-23; CWE-916,Chemical; Energy; oil and gas; Food and Agriculture; Water and Wastewater,Germany United States Asia Europe,Germany
254,https://www.cisa.gov/uscert/ics/advisories/ICSA-14-021-01,2/4/2014,9/6/2018,2014,ICSA-14-021-01,Rockwell RSLogix 5000 Password Vulnerability,Rockwell Automation,RSLogix 5000,RSLogix 5000 software versions affected: Project files (.ACD) created using RSLogix 5000 software | V7 through V20.01 and V21.0 containing password protected content.,CVE-2014-0755,6.3,Medium,CWE-522,Chemical; Critical Manufacturing; Food and Agriculture; Water and Wastewater,United States,United States
253,https://www.cisa.gov/uscert/ics/advisories/ICSA-14-030-01,1/30/2014,9/6/2018,2014,ICSA-14-030-01,3S CoDeSys Runtime Toolkit NULL Pointer Dereference,3S-Smart Software Solutions,CoDeSys Runtime Toolkit,CoDeSys Runtime Toolkit versions older than Version V2.4.7.44.,CVE-2014-0757,7.1,High,CWE-476,Commercial Facilities; Critical Manufacturing; Energy,China Germany,Germany
252,https://www.cisa.gov/uscert/ics/advisories/ICSA-14-006-01,1/30/2014,9/6/2018,2014,ICSA-14-006-01,Schneider Electric Telvent SAGE RTU DNP3 Improper Input Validation Vulnerability,Schneider Electric,Telvent SAGE RTU DNP3,"Schneider Electric versions affected: All versions released prior to December 1, 2013 | Telvent SAGE 3030 C3413-500-001D3_P4 (Firmware from 2010) | Telvent SAGE 3030 C3413-500-001F0_PB (Latest Firmware).",CVE-2013-6143,4.3,Medium,CWE-20,Energy,United States North America Europe,France
251,https://www.cisa.gov/uscert/ics/advisories/ICSA-14-023-01,1/23/2014,9/6/2018,2014,ICSA-14-023-01,GE Proficy Vulnerabilities,GE,Proficy,GE Intelligent Platforms products affected: Proficy HMI/SCADA - CIMPLICITY | Version 4.01 to 8.2 | Proficy Process Systems with CIMPLICITY.,CVE-2014-0750; CVE-2014-0751,7.2,High,CWE-22,Multiple Critical Sectors,Worldwide,United States
250,https://www.cisa.gov/uscert/ics/advisories/ICSA-14-016-01,1/16/2014,9/6/2018,2014,ICSA-14-016-01,Ecava IntegraXor Buffer Overflow Vulnerability,Ecava,IntegraXor,IntegraXor version 4.1.4380 and prior.,CVE-2014-0753,7.8,High,CWE-121,Critical Manufacturing,Australia Canada Estonia United Kingdom Malaysia Poland United States,Malaysia
249,https://www.cisa.gov/uscert/ics/advisories/ICSA-13-344-01,1/14/2014,9/6/2018,2014,ICSA-13-344-01,WellinTech Vulnerabilities,WellinTech,WellinTech Products,KingSCADA 3.1 and all previous versions | KingAlarm & Event 2.0.2 and all previous versions and KingGraphic 3.1 and all previous versions.,CVE-2013-2826; CVE-2013-2827,7.5,High,CWE-749; CWE-538,Commercial Facilities; Energy; Water and Wastewater,China Japan Singapore Taiwan United States Europe,China
248,https://www.cisa.gov/uscert/ics/advisories/ICSA-14-014-01,1/14/2014,9/6/2018,2014,ICSA-14-014-01,Schneider Electric ClearSCADA Uncontrolled Resource Consumption Vulnerability,Schneider Electric,ClearSCADA,Schneider Electric versions affected: ClearSCADA 2010 R2 (Build 71.4165) | ClearSCADA 2010 R2.1 (Build 71.4325) | ClearSCADA 2010 R3 (Build 72.4560) | ClearSCADA 2010 R3.1 (Build 72.4644) | SCADA Expert ClearSCADA 2013 R1 (Build 73.4729) | SCADA Expert ClearSCADA 2013 R1.1 (Build 73.4832) | SCADA Expert ClearSCADA 2013 R1.1a (Build 73.4903) | SCADA Expert ClearSCADA 2013 R1.2 (Build 73.4955).,CVE-2013-6142,4.3,Medium,CWE-400,Energy; Water and Wastewater,France,France
247,https://www.cisa.gov/uscert/ics/advisories/ICSA-14-008-01,1/8/2014,9/6/2018,2014,ICSA-14-008-01,Ecava Sdn Bhd IntegraXor Project Directory Information Disclosure Vulnerability,Ecava,Sdn Bhd IntegraXor,IntegraXor - 4.1.4360 and earlier.,CVE-2014-0752,7.5,High,CWE-529,Critical Manufacturing,Australia Canada Estonia United Kingdom Malaysia Poland United States,Malaysia
246,https://www.cisa.gov/uscert/ics/advisories/ICSA-11-094-02B,1/7/2014,9/6/2018,2014,ICSA-11-094-02B,Advantech/Broadwin WebAccess RPC Vulnerability (Update B),Advantech,Broadwin WebAccess,"Affects all versions of WebAccess prior to Version 7.1 2013.05.30, including all legacy versions",CVE-2011-4041,10,High,CWE-94,Energy,South America Asia Europe North Africa Africa Middle East,Taiwan
